grupo_id;grupo_descricao;codigo;descricao;soma;valor_empenhado;valor_liquidado;valor_pago;soma_qtde;n;media;media_qtde;desviopadrao;desviopadrao_qtde;soma_grupo;soma_qtde_grupo;n_grupo;media_grupo;media_qtde_grupo;desviopadrao_grupo;desviopadrao_qtde_grupo;padronizacao;padronizacao_qtde;distribuicao_normal;relevancia;criticidade;impacto;probabilidade;risco;relevancia_ai;criticidade_denuncias;criticidade_corregedoria;criticidade_relatorio_auditoria;criticidade_alertaorgao;criticidade_integridade;relevancia_idorc;distribuicao_normal_qtde;distribuicao_normal_qtde_inversa
0509;Grupo Despesa;5;INVERSOES FINANCEIRAS;446733184.30;446733184.30;425688985.88;437848820.60;623;623;717067.711556982343;1.00000000000000000000;4109578.6375;0;13302928128.00;758527;3;4434309376.00000000;252842.333333333333;5382172950.3757;345285.53183738;-0.741;-0.730;0.22935;;;;;;;;;;;;;0.23270;
0509;Grupo Despesa;4;INVESTIMENTOS;813286202.70;813286202.70;669548034.45;601429943.89;16844;16844;48283.436398717644;1.00000000000000000000;812658.09894280;0;13302928128.00;758527;3;4434309376.00000000;252842.333333333333;5382172950.3757;345285.53183738;-0.673;-0.683;0.25047;;;;;;;;;;;;;0.24730;
0509;Grupo Despesa;3;OUTRAS DESPESAS CORRENTES;12042908741.00;12042908741.00;10684837711.04;9218669635.30;741060;741060;16250.922652686692;1.00000000000000000000;704373.95959379;0;13302928128.00;758527;3;4434309376.00000000;252842.333333333333;5382172950.3757;345285.53183738;1.414;1.414;0.92132;;;;;;;;;;;;;0.92132;
